username	domains	reason
thiojoe	سخت‌افزار، فناوری و حریم خصوصی	research: tech creator
flstudio	موسیقی و صدا	research: music software; new domain
pinterest	سخت‌افزار، فناوری و حریم خصوصی	research: platform; unclear, chosen
cheddar	خبر و سیاست	research: financial live news
bloombergbusiness	خبر و سیاست	research: Bloomberg News
ansys_inc	فیزیک و نجوم	research: physics-based simulation software
schoolofattention	فعالیت اجتماعی و دین	research: non-profit attention activism
micromodern.ir	سخت‌افزار، فناوری و حریم خصوصی	research: electronics components trader; no sanctions hits
feynman.pro	برنامه‌نویسی و زیرساخت	research: LaTeX tool; identity not confirmed
kahfmagazine	فرهنگ و معنویت	research: culture magazine; new domain
ainehekmat.ir	فعالیت اجتماعی و دین	research: Islamic philosophy; identity not confirmed
mitpda	فعالیت اجتماعی و دین	research: MIT postdoc association (organisation)
shiraz_magazine	سرگرمی و رسانهٔ تصویری	research: travel and culture YouTube channel
aescripts	طراحی و تایپوگرافی	research: After Effects plugin marketplace
pascal_bornet	هوش مصنوعی	research: AI author and speaker
kalemehtv	فعالیت اجتماعی و دین	research: Persian Sunni TV network
fractaluniversity	تاریخ، اسطوره و رازها	research: fringe claims, own sources only
brochbuilds	هوش مصنوعی	research: builds AI SaaS
sophiabounou	هنر تجسمی	research: painter; new domain
electro_shop.ir	سخت‌افزار، فناوری و حریم خصوصی	research: electronics shop
pezhman_karimiii	سرگرمی و رسانهٔ تصویری	research: photography and sound studio
aifrontier001	هوش مصنوعی	research: AI and robotics shorts
yuvistudies	یادگیری، زبان و کتاب	research: STEM study account (bio)
motion_ui_interface	طراحی و تایپوگرافی	research: UI/UX agency (closest match)
dipanshu.decoded	هوش مصنوعی	research: AI engineer (bio)
negindaena	یادگیری، زبان و کتاب	research: self-development (bio)
c.x.gonzalez	یادگیری، زبان و کتاب	research: philosophy podcast
