username	reason
tashaisawesome2	likely_personal_by_name_or_pilot
zahranr.i	likely_personal_by_name_or_pilot
alyssabb_1	likely_personal_by_name_or_pilot
kimiya_gh_7	likely_personal_by_name_or_pilot
_lababyqueen	likely_personal_by_name_or_pilot
sara_suratii007	likely_personal_by_name_or_pilot
rishitlalan_16	likely_personal_by_name_or_pilot
__kailaa___	likely_personal_by_name_or_pilot
nesa__saeedi	likely_personal_by_name_or_pilot
kyanabaniasadi	likely_personal_by_name_or_pilot
ali_balighi	likely_personal_by_name_or_pilot
mobii.__.hdz	likely_personal_by_name_or_pilot
ymantheman13	likely_personal_by_name_or_pilot
baharehyousefiii	likely_personal_by_name_or_pilot
brayden04818	likely_personal_by_name_or_pilot
0mohamadali	likely_personal_by_name_or_pilot
itswinj13	likely_personal_by_name_or_pilot
ma.jid9450	likely_personal_by_name_or_pilot
jdale_ahsan_4	likely_personal_by_name_or_pilot
hamiidpallang	likely_personal_by_name_or_pilot
brinab122	likely_personal_by_name_or_pilot
yeschad77	likely_personal_by_name_or_pilot
jbebis95	likely_personal_by_name_or_pilot
love_nature_8_8	likely_personal_by_name_or_pilot
cetinbozkurt865	likely_personal_by_name_or_pilot
mohsen_dh__	likely_personal_by_name_or_pilot
nateate67	likely_personal_by_name_or_pilot
tdawgsmitty	likely_personal_by_name_or_pilot
mohana.afzalii	likely_personal_by_name_or_pilot
manny0yo	likely_personal_by_name_or_pilot
iloverule6	likely_personal_by_name_or_pilot
zahra_99_sa	likely_personal_by_name_or_pilot
hasti_hoseini1384	likely_personal_by_name_or_pilot
pri_naz1379	likely_personal_by_name_or_pilot
tina.kal.84	likely_personal_by_name_or_pilot
reyha_ne_mosavi	likely_personal_by_name_or_pilot
_nazi.maleki_	likely_personal_by_name_or_pilot
assalaminian	likely_personal_by_name_or_pilot
zhraeslami83	likely_personal_by_name_or_pilot
amirhborhan	likely_personal_by_name_or_pilot
setareh__.altafi	likely_personal_by_name_or_pilot
_fatemeh.sohi_	likely_personal_by_name_or_pilot
heliapajaand	likely_personal_by_name_or_pilot
wisunn__	likely_personal_by_name_or_pilot
rosa_bahra	likely_personal_by_name_or_pilot
dew__knight	likely_personal_by_name_or_pilot
zainab_aabyrr	likely_personal_by_name_or_pilot
fatemeh.mom.82	likely_personal_by_name_or_pilot
gulshanmehra2004	likely_personal_by_name_or_pilot
imnsm_zbh	likely_personal_by_name_or_pilot
iissoo.2	likely_personal_by_name_or_pilot
jiison___	likely_personal_by_name_or_pilot
mgh.mobin	likely_personal_by_name_or_pilot
alimirza2k	likely_personal_by_name_or_pilot
mamadkairo	likely_personal_by_name_or_pilot
dadgostar33	likely_personal_by_name_or_pilot
parimahhajizadeh	likely_personal_by_name_or_pilot
mis.szohre72	likely_personal_by_name_or_pilot
mandana_grb	likely_personal_by_name_or_pilot
_0null._	likely_personal_by_name_or_pilot
bahar_jinx	likely_personal_by_name_or_pilot
sahelll_kashi	likely_personal_by_name_or_pilot
venuzo__	likely_personal_by_name_or_pilot
abhishvek	likely_personal_by_name_or_pilot
mahla.rahnavard	likely_personal_by_name_or_pilot
narges.tohidloo	likely_personal_by_name_or_pilot
luna._.marya	likely_personal_by_name_or_pilot
itsafa09	likely_personal_by_name_or_pilot
fatemehhaamidi	likely_personal_by_name_or_pilot
faezehfeizi._	likely_personal_by_name_or_pilot
mahmonirishere	likely_personal_by_name_or_pilot
bbehpoor	likely_personal_by_name_or_pilot
m.rz08	likely_personal_by_name_or_pilot
nasim_brisaa	likely_personal_by_name_or_pilot
sara._.tim_	likely_personal_by_name_or_pilot
adolfo.domingues.7	likely_personal_by_name_or_pilot
pourya_mdn	likely_personal_by_name_or_pilot
milad.ahmadi_78	likely_personal_by_name_or_pilot
abollllfazl.m	likely_personal_by_name_or_pilot
hanniebabe._	likely_personal_by_name_or_pilot
mmd.tiny	likely_personal_by_name_or_pilot
fereshte.btw	likely_personal_by_name_or_pilot
31.raindancer.96	likely_personal_by_name_or_pilot
kzzy47	likely_personal_by_name_or_pilot
nidhinagori29	likely_personal_by_name_or_pilot
kanha_bhakt._	likely_personal_by_name_or_pilot
ibadulla_hesenov67	likely_personal_by_name_or_pilot
achula__	likely_personal_by_name_or_pilot
busezeynep	likely_personal_by_name_or_pilot
p4rdisak	likely_personal_by_name_or_pilot
33damari	likely_personal_by_name_or_pilot
mahdi_zatparvar	likely_personal_by_name_or_pilot
venus_gabby	likely_personal_by_name_or_pilot
kyorex.s1	likely_personal_by_name_or_pilot
prvst.s1	likely_personal_by_name_or_pilot
deux.bisous.xx	likely_personal_by_name_or_pilot
real.lilyjay	likely_personal_by_name_or_pilot
rahman4youu	likely_personal_by_name_or_pilot
lagonraj	likely_personal_by_name_or_pilot
ojjuice56789o	likely_personal_by_name_or_pilot
kiaashv	likely_personal_by_name_or_pilot
saba_sdr_83	likely_personal_by_name_or_pilot
thiran.23	likely_personal_by_name_or_pilot
demondean92	likely_personal_by_name_or_pilot
__deleted__bhiebehiefbjgfahg	likely_personal_by_name_or_pilot
mafiia_.shoow	likely_personal_by_name_or_pilot
kali_sry963	likely_personal_by_name_or_pilot
mamad.safavii	likely_personal_by_name_or_pilot
haidwrrrrr	likely_personal_by_name_or_pilot
zabiwa_	likely_personal_by_name_or_pilot
pirknn	likely_personal_by_name_or_pilot
sferro21	likely_personal_by_name_or_pilot
moeen_vlp	likely_personal_by_name_or_pilot
pahlevonpurya	likely_personal_by_name_or_pilot
lllusion.7	likely_personal_by_name_or_pilot
artist.r96	likely_personal_by_name_or_pilot
_xreamy_	likely_personal_by_name_or_pilot
zamham_	likely_personal_by_name_or_pilot
samsung.540	likely_personal_by_name_or_pilot
smj__art	likely_personal_by_name_or_pilot
oso_arash	likely_personal_by_name_or_pilot
hamechi_miizaram	likely_personal_by_name_or_pilot
tlkhoonfan	likely_personal_by_name_or_pilot
zewnab.mousavi	likely_personal_by_name_or_pilot
bihan_0.0	likely_personal_by_name_or_pilot
bihan_2_2	likely_personal_by_name_or_pilot
bihan7_7	likely_personal_by_name_or_pilot
bihan_2_0	likely_personal_by_name_or_pilot
siamak._.1982	likely_personal_by_name_or_pilot
ianrocks_0	likely_personal_by_name_or_pilot
b4jesus.2	likely_personal_by_name_or_pilot
_amrouz	likely_personal_by_name_or_pilot
lore_xz09	likely_personal_by_name_or_pilot
negarambawwww	likely_personal_by_name_or_pilot
sarasaffari__	likely_personal_by_name_or_pilot
rhmygn	likely_personal_by_name_or_pilot
hawk.3511494	likely_personal_by_name_or_pilot
so_gol.81	likely_personal_by_name_or_pilot
tiiina_ahmdi	likely_personal_by_name_or_pilot
mina_mga	likely_personal_by_name_or_pilot
elhammaher_	likely_personal_by_name_or_pilot
poojaduttttt	likely_personal_by_name_or_pilot
abdul_jan_122l	likely_personal_by_name_or_pilot
aliazar65	likely_personal_by_name_or_pilot
parsamarjanii	likely_personal_by_name_or_pilot
eli._.hdry	likely_personal_by_name_or_pilot
soroussshh	likely_personal_by_name_or_pilot
baharrlm	likely_personal_by_name_or_pilot
forogh_manian	likely_personal_by_name_or_pilot
maedehnasr	likely_personal_by_name_or_pilot
mahdieh_amiri1	likely_personal_by_name_or_pilot
x18blue	likely_personal_by_name_or_pilot
eee____360	likely_personal_by_name_or_pilot
ayat.sharifii	likely_personal_by_name_or_pilot
22.shine	likely_personal_by_name_or_pilot
its.nazaninn	likely_personal_by_name_or_pilot
_shivazarif__	likely_personal_by_name_or_pilot
_m1txh_	likely_personal_by_name_or_pilot
juliannarandallll	likely_personal_by_name_or_pilot
1afshinemoon1	likely_personal_by_name_or_pilot
asal.kandoka	likely_personal_by_name_or_pilot
mr_isfahanii	likely_personal_by_name_or_pilot
xix_sahebi	likely_personal_by_name_or_pilot
sam__13_70	likely_personal_by_name_or_pilot
b0296743	likely_personal_by_name_or_pilot
black.hole.6.9	likely_personal_by_name_or_pilot
musicboy1996	likely_personal_by_name_or_pilot
e7han_b	likely_personal_by_name_or_pilot
__deleted__bhiebehfdbdiiahbe	likely_personal_by_name_or_pilot
pariya_mahini	likely_personal_by_name_or_pilot
__deleted__bhiebehdacfjiijjd	likely_personal_by_name_or_pilot
haryaa786	likely_personal_by_name_or_pilot
itsbahman._	likely_personal_by_name_or_pilot
fery_editszz	likely_personal_by_name_or_pilot
avae3iy	likely_personal_by_name_or_pilot
__deleted__bhiebefdiidcihfid	likely_personal_by_name_or_pilot
golneshan4	likely_personal_by_name_or_pilot
_luizamota	likely_personal_by_name_or_pilot
roye_gold	likely_personal_by_name_or_pilot
ryo__oya	likely_personal_by_name_or_pilot
m_javad_rey	likely_personal_by_name_or_pilot
chromadream7	likely_personal_by_name_or_pilot
michaellin250	likely_personal_by_name_or_pilot
nurr.315	likely_personal_by_name_or_pilot
minoo.vibes	likely_personal_by_name_or_pilot
zahraalipour	likely_personal_by_name_or_pilot
hoda_sadat1	likely_personal_by_name_or_pilot
saharnjj	likely_personal_by_name_or_pilot
niku2310	likely_personal_by_name_or_pilot
mrs.doofenshmirtzzz	likely_personal_by_name_or_pilot
samiraazimiam	likely_personal_by_name_or_pilot
titosky88	likely_personal_by_name_or_pilot
ym1khh	likely_personal_by_name_or_pilot
c.m.z.w	likely_personal_by_name_or_pilot
x7viibe	likely_personal_by_name_or_pilot
azizi_hamidd	likely_personal_by_name_or_pilot
ssjluffy55	likely_personal_by_name_or_pilot
avsharu.7	likely_personal_by_name_or_pilot
kare.diary	likely_personal_by_name_or_pilot
davi87dp	likely_personal_by_name_or_pilot
mola.ali110.14	likely_personal_by_name_or_pilot
hadis__alavi110	likely_personal_by_name_or_pilot
huzhin13	likely_personal_by_name_or_pilot
abalfazllabass133	likely_personal_by_name_or_pilot
saman13nevesht	likely_personal_by_name_or_pilot
_danyyy16	likely_personal_by_name_or_pilot
piematt7__	likely_personal_by_name_or_pilot
k45ink	likely_personal_by_name_or_pilot
mmd.trader0	likely_personal_by_name_or_pilot
loganwithaf2	likely_personal_by_name_or_pilot
larrysmoove_	likely_personal_by_name_or_pilot
voltrex_44	likely_personal_by_name_or_pilot
kryptobandit2	likely_personal_by_name_or_pilot
wuushie	likely_personal_by_name_or_pilot
shudaki_	likely_personal_by_name_or_pilot
erre_rose	likely_personal_by_name_or_pilot
aminsalehi_1	likely_personal_by_name_or_pilot
kamyar696	likely_personal_by_name_or_pilot
aliyosefi9499	likely_personal_by_name_or_pilot
zadonsky00	likely_personal_by_name_or_pilot
ozodbek._2026	likely_personal_by_name_or_pilot
mademoiselle_noir23	likely_personal_by_name_or_pilot
hadis.elhayiii	likely_personal_by_name_or_pilot
zico_773	likely_personal_by_name_or_pilot
lilsha1510	likely_personal_by_name_or_pilot
im.hasiba	likely_personal_by_name_or_pilot
razianimehran5	likely_personal_by_name_or_pilot
mahe___man1	likely_personal_by_name_or_pilot
dr.hanieh.ghorbani72	likely_personal_by_name_or_pilot
robin_landry6	likely_personal_by_name_or_pilot
mohammad.jahangiri.5	likely_personal_by_name_or_pilot
sophiaamiiri	likely_personal_by_name_or_pilot
sarvin.chooob	likely_personal_by_name_or_pilot
o666.u	likely_personal_by_name_or_pilot
mostafa_eslami70	likely_personal_by_name_or_pilot
dyli_1700	likely_personal_by_name_or_pilot
hasann_fbi	likely_personal_by_name_or_pilot
milad__yakuza	likely_personal_by_name_or_pilot
nazanin._.meikap	likely_personal_by_name_or_pilot
4vafa4	likely_personal_by_name_or_pilot
71.mohamad.jafari	likely_personal_by_name_or_pilot
saharghoreyshi_.fanpage	likely_personal_by_name_or_pilot
melikabayeh	likely_personal_by_name_or_pilot
eliana_ghen	likely_personal_by_name_or_pilot
aminitchh	likely_personal_by_name_or_pilot
mahdisiris	likely_personal_by_name_or_pilot
insta.teeror	likely_personal_by_name_or_pilot
ayx0711	likely_personal_by_name_or_pilot
saba.akbary	likely_personal_by_name_or_pilot
erfankeyhanihalgheh.fan	likely_personal_by_name_or_pilot
aliikarimiw	likely_personal_by_name_or_pilot
fereshteh_b.194	likely_personal_by_name_or_pilot
mm_amin_110	likely_personal_by_name_or_pilot
kirra88818	likely_personal_by_name_or_pilot
vee_awaken_1234	likely_personal_by_name_or_pilot
evan__rostami	likely_personal_by_name_or_pilot
da7rkx0	likely_personal_by_name_or_pilot
hm.salari	likely_personal_by_name_or_pilot
nvrshha	likely_personal_by_name_or_pilot
meechoooooooo	likely_personal_by_name_or_pilot
his_daughter_7	likely_personal_by_name_or_pilot
kosar__psy	likely_personal_by_name_or_pilot
t.k.asadi	likely_personal_by_name_or_pilot
giioomeh	likely_personal_by_name_or_pilot
mounese.jan	likely_personal_by_name_or_pilot
doki_sulia	likely_personal_by_name_or_pilot
kirkiimad	likely_personal_by_name_or_pilot
negii_life	likely_personal_by_name_or_pilot
bom.seeat	likely_personal_by_name_or_pilot
alizsocial	likely_personal_by_name_or_pilot
k.prezzi	likely_personal_by_name_or_pilot
ryan.phan__	likely_personal_by_name_or_pilot
mag.leydi	likely_personal_by_name_or_pilot
jordancandlish01	likely_personal_by_name_or_pilot
babyjanelives	likely_personal_by_name_or_pilot
amidvish	likely_personal_by_name_or_pilot
areqaep	likely_personal_by_name_or_pilot
thefazelll	likely_personal_by_name_or_pilot
sinarezy	likely_personal_by_name_or_pilot
hn_2493	likely_personal_by_name_or_pilot
azmandahmadreza.20162018	likely_personal_by_name_or_pilot
he3kabiri	likely_personal_by_name_or_pilot
galrey_yaghoot	likely_personal_by_name_or_pilot
rozhina_ros	likely_personal_by_name_or_pilot
omidsaeedi1	likely_personal_by_name_or_pilot
abtin_psy	likely_personal_by_name_or_pilot
hoorii_nikoo	likely_personal_by_name_or_pilot
rdjbrny91	likely_personal_by_name_or_pilot
sd.mosavii71	likely_personal_by_name_or_pilot
gazisj	likely_personal_by_name_or_pilot
hosseinrio_	likely_personal_by_name_or_pilot
1alinaderi	likely_personal_by_name_or_pilot
poria_azadi_official	likely_personal_by_name_or_pilot
navid.nabikhah	likely_personal_by_name_or_pilot
amirhossein.naei	likely_personal_by_name_or_pilot
__deleted__bhiebehdiichcgbha	likely_personal_by_name_or_pilot
shahab_lucifer	likely_personal_by_name_or_pilot
funkynazanin	likely_personal_by_name_or_pilot
parsiimen	likely_personal_by_name_or_pilot
maahdi_hashemi	likely_personal_by_name_or_pilot
tannazoshoma	likely_personal_by_name_or_pilot
pedram_khoshdast	likely_personal_by_name_or_pilot
aidaa_naderii	likely_personal_by_name_or_pilot
mohadeseh_rajaby_	likely_personal_by_name_or_pilot
mohammad.h7987	likely_personal_by_name_or_pilot
skreem._	likely_personal_by_name_or_pilot
_tomanderson16_	likely_personal_by_name_or_pilot
stef.brl	likely_personal_by_name_or_pilot
amiralipour_2005	likely_personal_by_name_or_pilot
mina.gorzin	likely_personal_by_name_or_pilot
_hanafeyzzzz	likely_personal_by_name_or_pilot
rich.tech123	likely_personal_by_name_or_pilot
t_.bahar	likely_personal_by_name_or_pilot
zahra34622025	likely_personal_by_name_or_pilot
k_ch0w	likely_personal_by_name_or_pilot
r0r0x_xx	likely_personal_by_name_or_pilot
tha7laugh	likely_personal_by_name_or_pilot
xxvnii	likely_personal_by_name_or_pilot
1nonly	likely_personal_by_name_or_pilot
nafas_yazdani_	likely_personal_by_name_or_pilot
vallana__	likely_personal_by_name_or_pilot
adrezzar	likely_personal_by_name_or_pilot
maryamtalkstoomuch	likely_personal_by_name_or_pilot
bxbytrishx	likely_personal_by_name_or_pilot
mreza_momeni	likely_personal_by_name_or_pilot
khanbabaei_ali	likely_personal_by_name_or_pilot
asamavgz	likely_personal_by_name_or_pilot
dj_kartier	likely_personal_by_name_or_pilot
haircut.mohamadlt	likely_personal_by_name_or_pilot
pani.z8512	likely_personal_by_name_or_pilot
zhrataherii._	likely_personal_by_name_or_pilot
milad.ghorbani1996_	likely_personal_by_name_or_pilot
alireza.paryabbb	likely_personal_by_name_or_pilot
reza_abbasi807	likely_personal_by_name_or_pilot
a._.paknahad	likely_personal_by_name_or_pilot
idkfrish	likely_personal_by_name_or_pilot
mhdyyzdi	likely_personal_by_name_or_pilot
neginmiladii	likely_personal_by_name_or_pilot
dr_moha_kaviani	likely_personal_by_name_or_pilot
ziyu7002	likely_personal_by_name_or_pilot
asal.fasihipour	likely_personal_by_name_or_pilot
xxrakel	likely_personal_by_name_or_pilot
mohammad.bdgh_pv	likely_personal_by_name_or_pilot
josh_yolkk	likely_personal_by_name_or_pilot
__deleted__bhiebeehgibcdjdeb	likely_personal_by_name_or_pilot
zeinabbaqeri_	likely_personal_by_name_or_pilot
mhdiiamini	likely_personal_by_name_or_pilot
hamzekarimiyan2219	likely_personal_by_name_or_pilot
zom4rr	likely_personal_by_name_or_pilot
s.rahimi128	likely_personal_by_name_or_pilot
rozhkaaa_	likely_personal_by_name_or_pilot
saslnd	likely_personal_by_name_or_pilot
hesamora	likely_personal_by_name_or_pilot
mohammad_aps1	likely_personal_by_name_or_pilot
rh_128_	likely_personal_by_name_or_pilot
nimeshab____	likely_personal_by_name_or_pilot
__deleted__bhiebegcifggicacg	likely_personal_by_name_or_pilot
ammar.yaser118	likely_personal_by_name_or_pilot
sahel.arameshh	likely_personal_by_name_or_pilot
ahmad_rahnavard13	likely_personal_by_name_or_pilot
m.khalaji.567	likely_personal_by_name_or_pilot
__deleted__bhiebegddhaaehihd	likely_personal_by_name_or_pilot
seyed.ali.0121	likely_personal_by_name_or_pilot
sonia_sacd	likely_personal_by_name_or_pilot
_mahnaz_ghorbani_	likely_personal_by_name_or_pilot
01karami	likely_personal_by_name_or_pilot
ali_atashi_1356	likely_personal_by_name_or_pilot
ahmad_jokar56	likely_personal_by_name_or_pilot
sahar_138717	likely_personal_by_name_or_pilot
mr__khan__97	likely_personal_by_name_or_pilot
dna_pluse_9	likely_personal_by_name_or_pilot
fat.ma__2000	likely_personal_by_name_or_pilot
negin_ak88	likely_personal_by_name_or_pilot
mari.jbr	likely_personal_by_name_or_pilot
atefehmozafari1	likely_personal_by_name_or_pilot
hidesign99	likely_personal_by_name_or_pilot
alireza30144	likely_personal_by_name_or_pilot
by_dryaa	likely_personal_by_name_or_pilot
e._mix_1	likely_personal_by_name_or_pilot
i_paerisa	likely_personal_by_name_or_pilot
negarrabanyy	likely_personal_by_name_or_pilot
maryam_ltf85	likely_personal_by_name_or_pilot
sahelllnz	likely_personal_by_name_or_pilot
angel_of_justice1991	likely_personal_by_name_or_pilot
partoo.f	likely_personal_by_name_or_pilot
amirreza.1388_8	likely_personal_by_name_or_pilot
ol_mj.hl	likely_personal_by_name_or_pilot
ainaz_heydari_	likely_personal_by_name_or_pilot
_1yekta._	likely_personal_by_name_or_pilot
_y.smn._	likely_personal_by_name_or_pilot
sanaz_s02	likely_personal_by_name_or_pilot
parisa.sho_o	likely_personal_by_name_or_pilot
mahdiya.mosazdeh	likely_personal_by_name_or_pilot
elham_hoseinii._	likely_personal_by_name_or_pilot
moha.madreza4123	likely_personal_by_name_or_pilot
fafa_md78	likely_personal_by_name_or_pilot
maji.dfathi58	likely_personal_by_name_or_pilot
tinaa.haghani	likely_personal_by_name_or_pilot
hidesign02	likely_personal_by_name_or_pilot
kakavand.me	likely_personal_by_name_or_pilot
ali.rezayi484	likely_personal_by_name_or_pilot
niayesh___88	likely_personal_by_name_or_pilot
_baharti_	likely_personal_by_name_or_pilot
ati_sali_1	likely_personal_by_name_or_pilot
mohammadali.h.30	likely_personal_by_name_or_pilot
aryan__avatar	likely_personal_by_name_or_pilot
mr_zand_2005	likely_personal_by_name_or_pilot
yashar.bayatkalte	likely_personal_by_name_or_pilot
samane_aabasi	likely_personal_by_name_or_pilot
amirsolo78	likely_personal_by_name_or_pilot
84_zeynab_	likely_personal_by_name_or_pilot
ali_.danyali	likely_personal_by_name_or_pilot
1.pishii	likely_personal_by_name_or_pilot
fatemeh._.mou3avi	likely_personal_by_name_or_pilot
_mahsun._.p_	likely_personal_by_name_or_pilot
iman_ghaderi23	likely_personal_by_name_or_pilot
zizi.salimi	likely_personal_by_name_or_pilot
mia.aemia	likely_personal_by_name_or_pilot
__deleted__bhiebegcjaadaebcd	likely_personal_by_name_or_pilot
aliakbarlotfi_n	likely_personal_by_name_or_pilot
hamideakhavan_	likely_personal_by_name_or_pilot
mahsa.skin73	likely_personal_by_name_or_pilot
nil_ghaasemi	likely_personal_by_name_or_pilot
miladmonshipour	likely_personal_by_name_or_pilot
k4mrj	likely_personal_by_name_or_pilot
conan_p_	likely_personal_by_name_or_pilot
ox8erlin	likely_personal_by_name_or_pilot
oaz010101	likely_personal_by_name_or_pilot
l8on8	likely_personal_by_name_or_pilot
moh4mmaad	likely_personal_by_name_or_pilot
leo.pls	likely_personal_by_name_or_pilot
__o.mg__	likely_personal_by_name_or_pilot
omidshpi	likely_personal_by_name_or_pilot
deemod___	likely_personal_by_name_or_pilot
ch4ch__	likely_personal_by_name_or_pilot
farzad_moghadddam	likely_personal_by_name_or_pilot
zahra.mohsenifard	likely_personal_by_name_or_pilot
ashkanshadkamiiii	likely_personal_by_name_or_pilot
2290.ama	likely_personal_by_name_or_pilot
aliii_soltaniiii	likely_personal_by_name_or_pilot
farinaz___rad	likely_personal_by_name_or_pilot
sinapiryae	likely_personal_by_name_or_pilot
overdosekenjii	likely_personal_by_name_or_pilot
rubinaisme	likely_personal_by_name_or_pilot
5sf	likely_personal_by_name_or_pilot
javadmoradi.tuning	likely_personal_by_name_or_pilot
farzinrahimizonouz	likely_personal_by_name_or_pilot
mitrahejazipour	likely_personal_by_name_or_pilot
ashimirz	likely_personal_by_name_or_pilot
neewhomee	likely_personal_by_name_or_pilot
admin.fattemeee	likely_personal_by_name_or_pilot
kazhalmehrpeyma	likely_personal_by_name_or_pilot
masteroogwgay	likely_personal_by_name_or_pilot
mr.serkeh	likely_personal_by_name_or_pilot
nickkk_2222	likely_personal_by_name_or_pilot
sim_sorkh	likely_personal_by_name_or_pilot
istokp	likely_personal_by_name_or_pilot
mokhaki	likely_personal_by_name_or_pilot
parsa__dadras	likely_personal_by_name_or_pilot
toluehagh	likely_personal_by_name_or_pilot
i_jimdall	likely_personal_by_name_or_pilot
kheiry__ali	likely_personal_by_name_or_pilot
mahnaztorkashvand71	likely_personal_by_name_or_pilot
fardin.karash	likely_personal_by_name_or_pilot
fardin_karash1	likely_personal_by_name_or_pilot
__deleted__bhiebefgaciecfjie	likely_personal_by_name_or_pilot
charmmohseni	likely_personal_by_name_or_pilot
er0mei	likely_personal_by_name_or_pilot
abasi_mm2_	likely_personal_by_name_or_pilot
p_upok	likely_personal_by_name_or_pilot
nik_vikond	likely_personal_by_name_or_pilot
ali.naderi4747	likely_personal_by_name_or_pilot
atefeh.hosseinjanii	likely_personal_by_name_or_pilot
arya_agm	likely_personal_by_name_or_pilot
mi1k.exe	likely_personal_by_name_or_pilot
amir.hosseinzolfaghari	likely_personal_by_name_or_pilot
chonosss	likely_personal_by_name_or_pilot
kimia.rahmani__	likely_personal_by_name_or_pilot
itsn3t	likely_personal_by_name_or_pilot
bajenaghaa1	likely_personal_by_name_or_pilot
ikassem85	likely_personal_by_name_or_pilot
amirreza_88xz	likely_personal_by_name_or_pilot
sajad_himura	likely_personal_by_name_or_pilot
ramezan2581	likely_personal_by_name_or_pilot
irknight95	likely_personal_by_name_or_pilot
tulio_sasaya	likely_personal_by_name_or_pilot
v.o.r.t.e.x.11	likely_personal_by_name_or_pilot
hosein_noohpishe	likely_personal_by_name_or_pilot
ba.matiin	likely_personal_by_name_or_pilot
new_guts	likely_personal_by_name_or_pilot
zhaleh.co	likely_personal_by_name_or_pilot
tonyraad23	likely_personal_by_name_or_pilot
0dbvu	likely_personal_by_name_or_pilot
daniel.hater_	likely_personal_by_name_or_pilot
arian__a1	likely_personal_by_name_or_pilot
karimi_hosssein	likely_personal_by_name_or_pilot
from_ellee	likely_personal_by_name_or_pilot
kangnasharma16	likely_personal_by_name_or_pilot
pharhaat	likely_personal_by_name_or_pilot
ramin_vahidi	likely_personal_by_name_or_pilot
arezoozarnoosheh	likely_personal_by_name_or_pilot
mahoor._.group	likely_personal_by_name_or_pilot
mortmort__	likely_personal_by_name_or_pilot
amirzoyber	likely_personal_by_name_or_pilot
banoye_yas20	likely_personal_by_name_or_pilot
bscott2hot	likely_personal_by_name_or_pilot
badihi_a	likely_personal_by_name_or_pilot
alameri.reza	likely_personal_by_name_or_pilot
paadfereshteh	likely_personal_by_name_or_pilot
soli__fr	likely_personal_by_name_or_pilot
abol.fazll001	likely_personal_by_name_or_pilot
pbahrampoor	likely_personal_by_name_or_pilot
minolee.mp4	likely_personal_by_name_or_pilot
morteza_369369369	likely_personal_by_name_or_pilot
yourpoets	likely_personal_by_name_or_pilot
leyla_molaavi	likely_personal_by_name_or_pilot
nixell_cho	likely_personal_by_name_or_pilot
daxx.3rd	likely_personal_by_name_or_pilot
gold.mosi	likely_personal_by_name_or_pilot
ravyaarora_	likely_personal_by_name_or_pilot
m.h.amere	likely_personal_by_name_or_pilot
1choopan.binam	likely_personal_by_name_or_pilot
vqllera	likely_personal_by_name_or_pilot
sachka.w	likely_personal_by_name_or_pilot
amani.mdeen	likely_personal_by_name_or_pilot
jaimehiguera1	likely_personal_by_name_or_pilot
shivaa_yz71	likely_personal_by_name_or_pilot
hoseinsimin_	likely_personal_by_name_or_pilot
v0lcamkyc	likely_personal_by_name_or_pilot
lalytt_297	likely_personal_by_name_or_pilot
programer.a17	likely_personal_by_name_or_pilot
afshartikk	likely_personal_by_name_or_pilot
itsamirmoo	likely_personal_by_name_or_pilot
daniell_nb	likely_personal_by_name_or_pilot
siemleguyt1	likely_personal_by_name_or_pilot
_dorrcci	likely_personal_by_name_or_pilot
zeynabzamani.m	likely_personal_by_name_or_pilot
khodayman65	likely_personal_by_name_or_pilot
nazanin80.79	likely_personal_by_name_or_pilot
hft9047	likely_personal_by_name_or_pilot
makeupartistgorda66	likely_personal_by_name_or_pilot
admiradores.de.elis_e_eloa	likely_personal_by_name_or_pilot
aina_zji	likely_personal_by_name_or_pilot
ali__alvand	likely_personal_by_name_or_pilot
mammadpanda	likely_personal_by_name_or_pilot
pp4ru	likely_personal_by_name_or_pilot
alirezaesfandiar1	likely_personal_by_name_or_pilot
__deleted__bhiebefgbifcafggc	likely_personal_by_name_or_pilot
_.fateme.shakeri._	likely_personal_by_name_or_pilot
mamad.ebi	likely_personal_by_name_or_pilot
hamed_jalili_	likely_personal_by_name_or_pilot
hadis.hamdollahi	likely_personal_by_name_or_pilot
mary_land__	likely_personal_by_name_or_pilot
mohammadsalehi.1362	likely_personal_by_name_or_pilot
aniiiyaw._	likely_personal_by_name_or_pilot
hr.pazoki	likely_personal_by_name_or_pilot
aryaee_masih	likely_personal_by_name_or_pilot
__deleted__bhiebeabfcheejied	likely_personal_by_name_or_pilot
khalaji518	likely_personal_by_name_or_pilot
__deleted__bhiebecababfabggh	likely_personal_by_name_or_pilot
ghazale_gll	likely_personal_by_name_or_pilot
pinkphatima	likely_personal_by_name_or_pilot
asalkashiyani	likely_personal_by_name_or_pilot
mohammad.aghaaa	likely_personal_by_name_or_pilot
2el_rr	likely_personal_by_name_or_pilot
s.r.mirakbari	likely_personal_by_name_or_pilot
hesamhajatiii	likely_personal_by_name_or_pilot
mrjonfinger	likely_personal_by_name_or_pilot
come.back.on.29.march	likely_personal_by_name_or_pilot
mhkhadije_me	likely_personal_by_name_or_pilot
alirezaizadi_vio	likely_personal_by_name_or_pilot
mezerg	likely_personal_by_name_or_pilot
hamed.mousaviii	likely_personal_by_name_or_pilot
jan_fazaa	likely_personal_by_name_or_pilot
holyfool36	likely_personal_by_name_or_pilot
mkazemia	likely_personal_by_name_or_pilot
itsearshia	likely_personal_by_name_or_pilot
mmd_tondro	likely_personal_by_name_or_pilot
naaji1313	likely_personal_by_name_or_pilot
mahdieh_heshmati	likely_personal_by_name_or_pilot
hossien_hana	likely_personal_by_name_or_pilot
mahi_1im	likely_personal_by_name_or_pilot
milad_kambari	likely_personal_by_name_or_pilot
rezaalipour.1	likely_personal_by_name_or_pilot
ahmadreza_ney	likely_personal_by_name_or_pilot
mgr_1081	likely_personal_by_name_or_pilot
rose.garden2004	likely_personal_by_name_or_pilot
amirmirzaei.7	likely_personal_by_name_or_pilot
m1yd	likely_personal_by_name_or_pilot
_gol_zan_	likely_personal_by_name_or_pilot
mohammad.accessories	likely_personal_by_name_or_pilot
efatiheksi	likely_personal_by_name_or_pilot
bondy.23	likely_personal_by_name_or_pilot
aboljvn	likely_personal_by_name_or_pilot
4rmvn	likely_personal_by_name_or_pilot
fukkaer0409	likely_personal_by_name_or_pilot
ali.m008a	likely_personal_by_name_or_pilot
fatemeh_darziii	likely_personal_by_name_or_pilot
13esfand_	likely_personal_by_name_or_pilot
jjang_aaaaaa	likely_personal_by_name_or_pilot
farbod_panahii	likely_personal_by_name_or_pilot
plumitadewax__9	likely_personal_by_name_or_pilot
morteza_gfx	likely_personal_by_name_or_pilot
zoolfagharkhanzadeh	likely_personal_by_name_or_pilot
amirreza.shafaei	likely_personal_by_name_or_pilot
amirebaher	likely_personal_by_name_or_pilot
ahmadmassoud_1368	likely_personal_by_name_or_pilot
de.bardia	likely_personal_by_name_or_pilot
__mahdi.hashemi_	likely_personal_by_name_or_pilot
arta.sartipi	likely_personal_by_name_or_pilot
itsparhamrn	likely_personal_by_name_or_pilot
pooyayazdanbakhsh	likely_personal_by_name_or_pilot
alisalari2001	likely_personal_by_name_or_pilot
raadm____	likely_personal_by_name_or_pilot
_hossein_farniapur	likely_personal_by_name_or_pilot
reza_agahi_369	likely_personal_by_name_or_pilot
yasin__mosadegh	likely_personal_by_name_or_pilot
__deleted__bhiebediefeiddacb	likely_personal_by_name_or_pilot
__deleted__bhiebegiaicefhedc	likely_personal_by_name_or_pilot
goli_nazarii	likely_personal_by_name_or_pilot
mahdi_talks	likely_personal_by_name_or_pilot
mohsenlorstane4660	likely_personal_by_name_or_pilot
samadi.mehrzad	likely_personal_by_name_or_pilot
__deleted__bhiebegdgeeahdcai	likely_personal_by_name_or_pilot
danial.daal	likely_personal_by_name_or_pilot
peyman.pishro	likely_personal_by_name_or_pilot
call_me_atoussa	likely_personal_by_name_or_pilot
lil._naix	likely_personal_by_name_or_pilot
iliyanoparvar	likely_personal_by_name_or_pilot
__deleted__bhiebefcfffiaibic	likely_personal_by_name_or_pilot
mehdihavaei1404	likely_personal_by_name_or_pilot
iamalyreza	likely_personal_by_name_or_pilot
salmanalisha63	likely_personal_by_name_or_pilot
nobaharr._	likely_personal_by_name_or_pilot
farnoush_hazrati	likely_personal_by_name_or_pilot
hoda_babaei6	likely_personal_by_name_or_pilot
m_dehghani681	likely_personal_by_name_or_pilot
zahrarahmatt	likely_personal_by_name_or_pilot
k.najafian2	likely_personal_by_name_or_pilot
meisam.falllah	likely_personal_by_name_or_pilot
hadis__orj	likely_personal_by_name_or_pilot
zhraa.asadi	likely_personal_by_name_or_pilot
niilfaam	likely_personal_by_name_or_pilot
msd.bahrami	likely_personal_by_name_or_pilot
p_n_i_7	likely_personal_by_name_or_pilot
mojtabaui	likely_personal_by_name_or_pilot
rezabasir74	likely_personal_by_name_or_pilot
mohsen_khalili_77	likely_personal_by_name_or_pilot
kian_1024	likely_personal_by_name_or_pilot
__deleted__bhiebegjcfeajeadf	likely_personal_by_name_or_pilot
ilyaskhiladi626	likely_personal_by_name_or_pilot
suhrobiddin5	likely_personal_by_name_or_pilot
nikich89	likely_personal_by_name_or_pilot
_amirbeh_	likely_personal_by_name_or_pilot
khashayar.usefi	likely_personal_by_name_or_pilot
mehdidoosti1	likely_personal_by_name_or_pilot
amirzrg	likely_personal_by_name_or_pilot
sadradashti	likely_personal_by_name_or_pilot
__deleted__bhiebegbbdhccbhhe	likely_personal_by_name_or_pilot
evangeline19881	likely_personal_by_name_or_pilot
mybahooosh	likely_personal_by_name_or_pilot
__deleted__bhiebeggedeheahcg	likely_personal_by_name_or_pilot
mmahdi.mirzaei	likely_personal_by_name_or_pilot
alijah.sh56	likely_personal_by_name_or_pilot
__deleted__bhiebefhedihdghhd	likely_personal_by_name_or_pilot
douuod57	likely_personal_by_name_or_pilot
mortezajobrani1359	likely_personal_by_name_or_pilot
zzod100	likely_personal_by_name_or_pilot
naz85132	likely_personal_by_name_or_pilot
n3rdcev	likely_personal_by_name_or_pilot
ch369n	likely_personal_by_name_or_pilot
__deleted__bhiebedcadaiiiegf	likely_personal_by_name_or_pilot
akasra0	likely_personal_by_name_or_pilot
amir__jangravi	likely_personal_by_name_or_pilot
ur__xdevil	likely_personal_by_name_or_pilot
mamad_7225	likely_personal_by_name_or_pilot
4x0nn	likely_personal_by_name_or_pilot
an0n.ali	likely_personal_by_name_or_pilot
mohamad.1377.90	likely_personal_by_name_or_pilot
__deleted__bhiebefhigacigdfe	likely_personal_by_name_or_pilot
__deleted__bhiebeaiebcbccgbb	likely_personal_by_name_or_pilot
__deleted__bhiebeejjbjcjcehf	likely_personal_by_name_or_pilot
sadeghayoubi_1688	likely_personal_by_name_or_pilot
afshartiik	likely_personal_by_name_or_pilot
__deleted__bhiebecjfbbhgcdjg	likely_personal_by_name_or_pilot
mahrad_7799	likely_personal_by_name_or_pilot
mahdiasd13	likely_personal_by_name_or_pilot
sarhangshow	likely_personal_by_name_or_pilot
_mhs_asgri	likely_personal_by_name_or_pilot
mahsa_riyahi88	likely_personal_by_name_or_pilot
hosein_baharlo_	likely_personal_by_name_or_pilot
__deleted__bhiebegecbaeeafdh	likely_personal_by_name_or_pilot
fa_shk97	likely_personal_by_name_or_pilot
tea_enjoyer_98	likely_personal_by_name_or_pilot
keramat.moradi29	likely_personal_by_name_or_pilot
sheyda_hajnouri	likely_personal_by_name_or_pilot
katelynn0009	likely_personal_by_name_or_pilot
h_jobrani	likely_personal_by_name_or_pilot
__deleted__bhiebeaifgifibidc	likely_personal_by_name_or_pilot
ali1997yazdani	likely_personal_by_name_or_pilot
qazaleh.rahmani	likely_personal_by_name_or_pilot
mahdi__esf_80	likely_personal_by_name_or_pilot
react.ion6329	likely_personal_by_name_or_pilot
mohammadsalehi1362.2	likely_personal_by_name_or_pilot
jayjayd_123	likely_personal_by_name_or_pilot
pardis.mezon1	likely_personal_by_name_or_pilot
ryuk.rj	likely_personal_by_name_or_pilot
mohammad_mohebi832	likely_personal_by_name_or_pilot
hoseinkhodarahmi82	likely_personal_by_name_or_pilot
mohammad_khalili_77	likely_personal_by_name_or_pilot
navaz1326	likely_personal_by_name_or_pilot
mohmb1876	likely_personal_by_name_or_pilot
5qsx7_	likely_personal_by_name_or_pilot
mohsn_mirzaei	likely_personal_by_name_or_pilot
mhdyyzdy501	likely_personal_by_name_or_pilot
sheidakazemii_	likely_personal_by_name_or_pilot
hadi_choopan	likely_personal_by_name_or_pilot
ali_ahmadiy_	likely_personal_by_name_or_pilot
iissoo.00	likely_personal_by_name_or_pilot
mohammad_rezayi80_	likely_personal_by_name_or_pilot
ali.rti.79	likely_personal_by_name_or_pilot
supersila4	likely_personal_by_name_or_pilot
banooye._.azarbayjan	likely_personal_by_name_or_pilot
arash_rauf	likely_personal_by_name_or_pilot
overdoz_420	likely_personal_by_name_or_pilot
urfavgothmommy10	likely_personal_by_name_or_pilot
mohamad.rti75	likely_personal_by_name_or_pilot
user_73124891	likely_personal_by_name_or_pilot
_hamidinjas	likely_personal_by_name_or_pilot
borhanbs	likely_personal_by_name_or_pilot
j.a.d.o.k.a.r	likely_personal_by_name_or_pilot
m00ziy	likely_personal_by_name_or_pilot
alireza.jamali.74v	likely_personal_by_name_or_pilot
_parsa__danesh	likely_personal_by_name_or_pilot
monir_hashemii	likely_personal_by_name_or_pilot
amirhosain.fakhri	likely_personal_by_name_or_pilot
mort4za_	likely_personal_by_name_or_pilot
erfanrevaal	likely_personal_by_name_or_pilot
saeedghorbanl	likely_personal_by_name_or_pilot
m.a.asadi14	likely_personal_by_name_or_pilot
arad_ne	likely_personal_by_name_or_pilot
hasanalishir2	likely_personal_by_name_or_pilot
5mehrrdad	likely_personal_by_name_or_pilot
abastahmadebi20	likely_personal_by_name_or_pilot
ali.khallilli	likely_personal_by_name_or_pilot
koorosh__sz	likely_personal_by_name_or_pilot
graydemon99	likely_personal_by_name_or_pilot
l2ali.pvl	likely_personal_by_name_or_pilot
poyan.h7	likely_personal_by_name_or_pilot
626socalgal	likely_personal_by_name_or_pilot
s3d3rikk0	likely_personal_by_name_or_pilot
ajobrani	likely_personal_by_name_or_pilot
amirsaeiddd	likely_personal_by_name_or_pilot
grigiochiara	likely_personal_by_name_or_pilot
ali_rezayi484	likely_personal_by_name_or_pilot
amirblue81	likely_personal_by_name_or_pilot
javad_ghasemi.__	likely_personal_by_name_or_pilot
farzad_ghaleh83	likely_personal_by_name_or_pilot
mhdyyzdy65	likely_personal_by_name_or_pilot
nikoplayer08	likely_personal_by_name_or_pilot
qu_ss	likely_personal_by_name_or_pilot
peym.an5241	likely_personal_by_name_or_pilot
paatinaage	likely_personal_by_name_or_pilot
meisam_khalili_71	likely_personal_by_name_or_pilot
sobhanpeno405	likely_personal_by_name_or_pilot
kamandshojaei	likely_personal_by_name_or_pilot
mahtaab_ap	likely_personal_by_name_or_pilot
_hana.najafi	likely_personal_by_name_or_pilot
kamdinparsakia	likely_personal_by_name_or_pilot
ravanemard	likely_personal_by_name_or_pilot
max.stayl1	likely_personal_by_name_or_pilot
__deleted__bhiebefageecjfegh	likely_personal_by_name_or_pilot
pucabunny_	likely_personal_by_name_or_pilot
ahmad_alnajar1990	likely_personal_by_name_or_pilot
_mohamad_405_	likely_personal_by_name_or_pilot
_mehding_	likely_personal_by_name_or_pilot
mohammad_safar4	likely_personal_by_name_or_pilot
javadazadi1	likely_personal_by_name_or_pilot
omid_hatami.03	likely_personal_by_name_or_pilot
soheilllsan	likely_personal_by_name_or_pilot
amirhoseinbahariy	likely_personal_by_name_or_pilot
danii.en	likely_personal_by_name_or_pilot
aaxif	likely_personal_by_name_or_pilot
alifatehi851	likely_personal_by_name_or_pilot
mm.jav4d	likely_personal_by_name_or_pilot
mahdifarnia	likely_personal_by_name_or_pilot
kamran_bidekani_pv	likely_personal_by_name_or_pilot
erfawnth	likely_personal_by_name_or_pilot
mmm_mmm45574	likely_personal_by_name_or_pilot
567.khalaji	likely_personal_by_name_or_pilot
huny__funnyy	likely_personal_by_name_or_pilot
_bymahtab	likely_personal_by_name_or_pilot
m.barati9696	likely_personal_by_name_or_pilot
ahmadgarki4	likely_personal_by_name_or_pilot
mehdi_amiri9677	likely_personal_by_name_or_pilot
davood_jms	likely_personal_by_name_or_pilot
ghasem.namdarian	likely_personal_by_name_or_pilot
alirezakh191111	likely_personal_by_name_or_pilot
mosihihi	likely_personal_by_name_or_pilot
shayan_afrahb	likely_personal_by_name_or_pilot
mr_yaghooti	likely_personal_by_name_or_pilot
mehdi77429	likely_personal_by_name_or_pilot
m_jobrani	likely_personal_by_name_or_pilot
mohamadreza_heydari13	likely_personal_by_name_or_pilot
farzad_ghaleh82	likely_personal_by_name_or_pilot
rapparsi888	likely_personal_by_name_or_pilot
abol___fzl_frhadi	likely_personal_by_name_or_pilot
gh.r.asadi1843	likely_personal_by_name_or_pilot
hamid.2164	likely_personal_by_name_or_pilot
adel_gholami2021	likely_personal_by_name_or_pilot
mehdi8888sh	likely_personal_by_name_or_pilot
mohsenmadahi0313	likely_personal_by_name_or_pilot
ali_soleymanipor	likely_personal_by_name_or_pilot
_mort4za	likely_personal_by_name_or_pilot
habibrahim39	likely_personal_by_name_or_pilot
hosein.bhrlo	likely_personal_by_name_or_pilot
ho3ein_tahmasebi1	likely_personal_by_name_or_pilot
7sa.fa7	likely_personal_by_name_or_pilot
s.rashidmosavi	likely_personal_by_name_or_pilot
ali_khosravi_______	likely_personal_by_name_or_pilot
mahmood__8207	likely_personal_by_name_or_pilot
mostafajobrani	likely_personal_by_name_or_pilot
chmorteza97	likely_personal_by_name_or_pilot
samir_ghalambor	likely_personal_by_name_or_pilot
baadfarshad	likely_personal_by_name_or_pilot
mohsen.m.1228	likely_personal_by_name_or_pilot
dinareza62577	likely_personal_by_name_or_pilot
o_o.mamad.o_o	likely_personal_by_name_or_pilot
mohammad__vaziri	likely_personal_by_name_or_pilot
hide_dark_ness	likely_personal_by_name_or_pilot
raziyeh.s44	likely_personal_by_name_or_pilot
donya_deede	likely_personal_by_name_or_pilot
amirbarber6991	likely_personal_by_name_or_pilot
abbas_khosraovi	likely_personal_by_name_or_pilot
milad2077pirmoradian	likely_personal_by_name_or_pilot
mr_mohammadi9913	likely_personal_by_name_or_pilot
mohammad.davry.cr7	likely_personal_by_name_or_pilot
javad.asadii10	likely_personal_by_name_or_pilot
saeedmasoudi7	likely_personal_by_name_or_pilot
_.rezaakbari	likely_personal_by_name_or_pilot
x.hosein.x80	likely_personal_by_name_or_pilot
kourosh__haghighi	likely_personal_by_name_or_pilot
da.niyal_79	likely_personal_by_name_or_pilot
_mr._ahmadi	likely_personal_by_name_or_pilot
mmli_sma	likely_personal_by_name_or_pilot
siamak.blackmak	likely_personal_by_name_or_pilot
aliraze_rahimi118	likely_personal_by_name_or_pilot
sadeghyazdani7997	likely_personal_by_name_or_pilot
sina_derakhshani95	likely_personal_by_name_or_pilot
sherkoul	likely_personal_by_name_or_pilot
ali1381mohammadi	likely_personal_by_name_or_pilot
ras5057	likely_personal_by_name_or_pilot
milii_cut	likely_personal_by_name_or_pilot
ali.sh7090	likely_personal_by_name_or_pilot
vahidmasoudi_31	likely_personal_by_name_or_pilot
aloneman063	likely_personal_by_name_or_pilot
majid4it	likely_personal_by_name_or_pilot
willliam__99	likely_personal_by_name_or_pilot
alibahadori.t	likely_personal_by_name_or_pilot
shayan_e4	likely_personal_by_name_or_pilot
mahhdi_shafiee	likely_personal_by_name_or_pilot
paaaaaaaaaaaaak__shod	likely_personal_by_name_or_pilot
jwadjwady915	likely_personal_by_name_or_pilot
alireza_maddahi__	likely_personal_by_name_or_pilot
mehdi_ralph_	likely_personal_by_name_or_pilot
mehran_rw	likely_personal_by_name_or_pilot
ahmadgarkiopr	likely_personal_by_name_or_pilot
allirezasafarii	likely_personal_by_name_or_pilot
sbrheydari	likely_personal_by_name_or_pilot
hadimohammadi1379_1379	likely_personal_by_name_or_pilot
mohammad_yas7	likely_personal_by_name_or_pilot
amirmobarakii	likely_personal_by_name_or_pilot
ali__moh__	likely_personal_by_name_or_pilot
mohammad_1382_esfahan	likely_personal_by_name_or_pilot
syd__sajad99	likely_personal_by_name_or_pilot
mahdi_ghalaei_77_	likely_personal_by_name_or_pilot
mostafa.hasani.hoo110	likely_personal_by_name_or_pilot
mohssen_karimi10	likely_personal_by_name_or_pilot
salehy7778	likely_personal_by_name_or_pilot
iman_gh_315	likely_personal_by_name_or_pilot
__mysm__	likely_personal_by_name_or_pilot
kamd1n	likely_personal_by_name_or_pilot
me.ysam1858	likely_personal_by_name_or_pilot
mosen.yo3fi	likely_personal_by_name_or_pilot
arman_8895	likely_personal_by_name_or_pilot
shahhon8888	likely_personal_by_name_or_pilot
__aryannne	likely_personal_by_name_or_pilot
amiiiiiir_ln	likely_personal_by_name_or_pilot
ebrahymam	likely_personal_by_name_or_pilot
amir7abbas8	likely_personal_by_name_or_pilot
sbrhyd	likely_personal_by_name_or_pilot
_motiia	likely_personal_by_name_or_pilot
aref.mozafari_	likely_personal_by_name_or_pilot
mmassassin78	likely_personal_by_name_or_pilot
mh.mdhsn7906	likely_personal_by_name_or_pilot
mehdi774021	likely_personal_by_name_or_pilot
23darkblue	likely_personal_by_name_or_pilot
ahmad73.6.5	likely_personal_by_name_or_pilot
khalaji760	likely_personal_by_name_or_pilot
amin_bahman_73	likely_personal_by_name_or_pilot
khodeesmaeil88	likely_personal_by_name_or_pilot
rza_heidari	likely_personal_by_name_or_pilot
itsgettingcloudynow	likely_personal_by_name_or_pilot
alirezamonemi031	likely_personal_by_name_or_pilot
danial_younesi	likely_personal_by_name_or_pilot
abbasrezaii0311	likely_personal_by_name_or_pilot
mohamadsalehi889	likely_personal_by_name_or_pilot
heyjustamomentplease	likely_personal_by_name_or_pilot
nima.zahedipour	likely_personal_by_name_or_pilot
sed.mamadof	likely_personal_by_name_or_pilot
erfan_aghtar	likely_personal_by_name_or_pilot
iman__gh__69	likely_personal_by_name_or_pilot
the_great_mestrider	likely_personal_by_name_or_pilot
realmamads	likely_personal_by_name_or_pilot
hossein_14_23	likely_personal_by_name_or_pilot
shah_hon_88888	likely_personal_by_name_or_pilot
mohamadjamali22	likely_personal_by_name_or_pilot
divinemeti	likely_personal_by_name_or_pilot
aliah__adi	likely_personal_by_name_or_pilot
alivafaeei_	likely_personal_by_name_or_pilot
khosravi914	likely_personal_by_name_or_pilot
rezashojaeii_	likely_personal_by_name_or_pilot
hs2907	likely_personal_by_name_or_pilot
y.rlp	likely_personal_by_name_or_pilot
roozbehzare74	likely_personal_by_name_or_pilot
